id,sku,name,type,category,price,regular_price,discount_pct,price_txt,on_sale,price_contact,in_stock,stock_label,sale_until,price_verified,variation_count,permalink
2570,"DD","Dây điện nối đèn năng lượng mặt trời dài 2 chân 0.5mm",simple,"Dây nối đèn năng lượng mặt trời",70000,70000,0,"70.000 ₫",false,false,true,"Còn hàng","2027-12-31",true,0,https://maxsolar.vn/day-dien-noi-den-nang-luong-dai-2-chan-0-5mm/
2572,"DD75","Dây điện nối đèn năng lượng mặt trời dài 2 chân 0.75mm",simple,"Dây nối đèn năng lượng mặt trời",100000,100000,0,"100.000 ₫",false,false,true,"Còn hàng","2027-12-31",true,0,https://maxsolar.vn/day-dien-noi-den-nang-luong-dai-2-chan-0-75mm/
2574,"DD15","Dây điện nối đèn năng lượng mặt trời dài 2 chân 1.5mm",simple,"Dây nối đèn năng lượng mặt trời",150000,150000,0,"150.000 ₫",false,false,true,"Còn hàng","2027-12-31",true,0,https://maxsolar.vn/day-dien-noi-den-nang-luong-dai-2-chan-1-5mm/
2577,"DDPT","Dây điện nối đèn năng lượng mặt trời phi thuyền dài 2 chân 1.0mm",simple,"Dây nối đèn năng lượng mặt trời",150000,150000,0,"150.000 ₫",false,false,true,"Còn hàng","2027-12-31",true,0,https://maxsolar.vn/day-dien-noi-den-phi-thuyen-dai-2-chan-1mm/
5188,"M-BM10W","Đèn Bắt Muỗi Năng Lượng Mặt Trời M-BM10W",simple,"Đèn năng lượng mặt trời ngoài trời",1200000,1700000,29,"1.200.000 ₫",true,false,true,"Còn hàng","2027-12-31",true,0,https://maxsolar.vn/den-bat-muoi-nang-luong-mat-troi-m-bm10w/
5445,"M-BM20W","Đèn Bắt Muỗi Năng Lượng Mặt Trời M-BM20W",simple,"Đèn năng lượng mặt trời ngoài trời",1680000,2400000,30,"1.680.000 ₫",true,false,true,"Còn hàng","2027-12-31",true,0,https://maxsolar.vn/den-bat-muoi-nang-luong-mat-troi-m-bm20w/
5204,"M-B100W","Đèn Bulb Năng Lượng Mặt Trời M-B100W",simple,"Đèn năng lượng mặt trời trong nhà",580000,750000,23,"580.000 ₫",true,false,true,"Còn hàng","2026-09-28",true,0,https://maxsolar.vn/den-bulb-nang-luong-mat-troi-m-b100w/
2455,"DBC300W","Đèn đường năng lượng mặt trời bàn chải M-BC 300W Maxsolar",simple,"Đèn năng lượng mặt trời ngoài trời",1480000,2000000,26,"1.480.000 ₫",true,false,true,"Còn hàng","2026-09-23",true,0,https://maxsolar.vn/den-duong-nang-luong-mat-troi-ban-chai-300w/
3772,"DBC300W-1","Đèn đường năng lượng mặt trời bàn chải M-BC 600W Maxsolar",simple,"Đèn đường năng lượng mặt trời",1680000,2156000,22,"1.680.000 ₫",true,false,false,"Hết hàng","2027-12-31",true,0,https://maxsolar.vn/den-duong-nang-luong-mat-troi-ban-chai-600w-maxsolar/
5058,"M-CT1000W","Đèn đường năng lượng mặt trời M-CT1000W",simple,"Đèn năng lượng mặt trời công trình",2200000,3200000,31,"2.200.000 ₫",true,false,true,"Còn hàng","2027-12-31",true,0,https://maxsolar.vn/den-duong-nang-luong-mat-troi-m-ct1000w/
2518,"DPT400W","Đèn đường năng lượng mặt trời phi thuyền M-PT400 Maxsolar",simple,"Đèn năng lượng mặt trời ngoài trời",1650000,2050000,20,"1.650.000 ₫",true,false,false,"Hết hàng","2027-12-31",true,0,https://maxsolar.vn/den-duong-nang-luong-mat-troi-phi-thuyen-m-pt400/
2520,"DPT500W","Đèn đường năng lượng mặt trời phi thuyền M-PT500W Maxsolar",simple,"Đèn năng lượng mặt trời ngoài trời",1880000,2200000,15,"1.880.000 ₫",true,false,true,"Còn hàng","2026-09-27",true,0,https://maxsolar.vn/den-duong-nang-luong-mat-troi-phi-thuyen-m-pt500/
2522,"DPT600W","Đèn đường năng lượng mặt trời phi thuyền M-PT600W Maxsolar",simple,"Đèn năng lượng mặt trời ngoài trời",2200000,2550000,14,"2.200.000 ₫",true,false,false,"Hết hàng","2027-12-31",true,0,https://maxsolar.vn/den-duong-nang-luong-mat-troi-phi-thuyen-m-pt600/
7565,"M-TT04","Đèn Hắt Năng Lượng Mặt Trời Maxsolar M-TT04",simple,"Đèn năng lượng mặt trời sân vườn",680000,930000,27,"680.000 ₫",true,false,true,"Còn hàng","2027-12-31",true,0,https://maxsolar.vn/den-hat-nang-luong-mat-troi-maxsolar-m-tt04/
3750,"DTT10m","Đèn led dây năng lượng mặt trời Maxsolar M-LED 10m",variable,"Đèn trang trí năng lượng mặt trời",900000,1280000,30,"900.000 ₫",true,false,true,"Còn hàng","",true,2,https://maxsolar.vn/den-led-day-nang-luong-mat-troi-maxsolar-10m/
3756,"DTT20m","Đèn led dây năng lượng mặt trời Maxsolar M-LED 20m",simple,"Đèn trang trí năng lượng mặt trời",1100000,1570000,30,"1.100.000 ₫",true,false,true,"Còn hàng","2027-12-31",true,0,https://maxsolar.vn/den-led-day-nang-luong-mat-troi-maxsolar-20m/
3758,"DTT40m","Đèn led dây năng lượng mặt trời Maxsolar M-LED 40m",simple,"Đèn trang trí năng lượng mặt trời",1800000,2570000,30,"1.800.000 ₫",true,false,true,"Còn hàng","2027-12-31",true,0,https://maxsolar.vn/den-led-day-nang-luong-mat-troi-maxsolar-40m/
6095,"M-LP1000W","Đèn LED Pha Năng Lượng Mặt Trời M-LP1000W",simple,"Đèn pha năng lượng mặt trời",2200000,3142000,30,"2.200.000 ₫",true,false,true,"Còn hàng","2026-09-25",true,0,https://maxsolar.vn/den-led-pha-nang-luong-mat-troi-m-lp1000/
6119,"M-1000W","Đèn Năng Lượng Mặt Trời Công Trình 3 Mặt M-1000W",simple,"Đèn năng lượng mặt trời công trình",2400000,3000000,20,"2.400.000 ₫",true,false,false,"Hết hàng","2027-12-31",true,0,https://maxsolar.vn/den-nang-luong-mat-troi-cong-trinh-3-mat-m-3m1000/
6135,"M-600W","Đèn Năng Lượng Mặt Trời Công Trình 3 Mặt M-600W",simple,"Đèn năng lượng mặt trời công trình",2100000,3000000,30,"2.100.000 ₫",true,false,true,"Còn hàng","2027-12-31",true,0,https://maxsolar.vn/den-nang-luong-mat-troi-cong-trinh-3-mat-m-3m600/
8021,"M-NT500","Đèn Năng Lượng Mặt Trời Công Trình M-MT 500W",variable,"Đèn năng lượng mặt trời ngoài trời",1680000,2100000,20,"1.680.000 ₫",true,false,true,"Còn hàng","",true,2,https://maxsolar.vn/den-nang-luong-mat-troi-cong-trinh-m-mt-500w/
7485,"M-MN800W","Đèn Năng Lượng Mặt Trời Công Trình Mắt Ngọc M-MN800W",simple,"Đèn năng lượng mặt trời ngoài trời",2100000,3000000,30,"2.100.000 ₫",true,false,true,"Còn hàng","2026-09-25",true,0,https://maxsolar.vn/den-nang-luong-mat-troi-cong-trinh-mat-ngoc-m-mn800w/
2490,"DLT600W","Đèn năng lượng mặt trời liền thể M-LT 600W Maxsolar",simple,"Đèn năng lượng mặt trời ngoài trời",1450000,2071000,30,"1.450.000 ₫",true,false,false,"Hết hàng","2027-12-31",true,0,https://maxsolar.vn/den-nang-luong-mat-troi-lien-the-600w/
4665,"M-LT800","Đèn Năng Lượng Mặt Trời Liền Thể M-LT 800W",simple,"Đèn đường năng lượng mặt trời",1680000,2200000,24,"1.680.000 ₫",true,false,true,"Còn hàng","2027-12-31",true,0,https://maxsolar.vn/den-nang-luong-mat-troi-lien-the-m-lt800/
7958,"UFO1000W","Đèn năng lượng mặt trời liền thể M-UFO 1000W Maxsolar",simple,"Đèn năng lượng mặt trời ngoài trời",1880000,2116000,11,"1.880.000 ₫",true,false,true,"Còn hàng","2026-09-24",true,0,https://maxsolar.vn/den-nang-luong-mat-troi-lien-the-m-ufo-1000w-maxsolar/
2645,"UFO600W","Đèn năng lượng mặt trời liền thể M-UFO 800W Maxsolar",simple,"Đèn năng lượng mặt trời ngoài trời",1680000,2116000,21,"1.680.000 ₫",true,false,true,"Còn hàng","2026-09-29",true,0,https://maxsolar.vn/den-nang-luong-mat-troi-lien-the-ufo-800w/
2649,"UFO500","Đèn Năng Lượng Mặt Trời Liền Thể M-UFO500W Maxsolar",simple,"Đèn năng lượng mặt trời ngoài trời",1420000,1880000,24,"1.420.000 ₫",true,false,true,"Còn hàng","2026-09-28",true,0,https://maxsolar.vn/den-nang-luong-mat-troi-lien-the-ufo-500w/
3092,"1PIN2DEN","Đèn năng lượng mặt trời mắt ngọc M-TN 500W 1 pin 2 đèn Maxsolar",simple,"Đèn năng lượng mặt trời trong nhà",1880000,2250000,16,"1.880.000 ₫",true,false,false,"Hết hàng","2027-12-31",true,0,https://maxsolar.vn/den-nang-luong-mat-troi-500w-1-pin-2-den/
5663,"OEM-VN-V1","Đèn Năng Lượng Mặt Trời Mini Xách Tay OEM-VN-V1",simple,"Đèn năng lượng mặt trời",280000,280000,0,"280.000 ₫",false,false,false,"Hết hàng","2027-12-31",true,0,https://maxsolar.vn/den-nang-luong-mat-troi-mini-xach-tay-oem-vn-v1/
2539,"DOT1000W","Đèn năng lượng mặt trời ốp trần trong nhà M-OT 1000W Maxsolar",simple,"Đèn năng lượng mặt trời trong nhà",1580000,2200000,28,"1.580.000 ₫",true,false,true,"Còn hàng","2027-12-31",true,0,https://maxsolar.vn/den-nang-luong-mat-troi-op-tran-trong-nha-1000w/
2530,"DPT1000w","Đèn năng lượng mặt trời phi thuyền M-PT1000W Maxsolar",simple,"Đèn năng lượng mặt trời ngoài trời",2800000,3800000,26,"2.800.000 ₫",true,false,true,"Còn hàng","2026-09-24",true,0,https://maxsolar.vn/den-nang-luong-mat-troi-phi-thuyen-m-pt1000/
5711,"M-PT1200W","Đèn Năng Lượng Mặt Trời Phi Thuyền M-PT1200W",simple,"Đèn đường năng lượng mặt trời",3800000,5400000,30,"3.800.000 ₫",true,false,true,"Còn hàng","2026-09-25",true,0,https://maxsolar.vn/den-nang-luong-mat-troi-phi-thuyen-m-pt1200w/
2528,"DPT800W","Đèn năng lượng mặt trời phi thuyền M-PT800 Maxsolar",simple,"Đèn năng lượng mặt trời ngoài trời",2600000,3200000,19,"2.600.000 ₫",true,false,false,"Hết hàng","2027-12-31",true,0,https://maxsolar.vn/den-nang-luong-mat-troi-phi-thuyen-m-pt800/
2562,"DSV16","Đèn năng lượng mặt trời trang trí sân vườn M-CC 16cm",simple,"Đèn trang trí năng lượng mặt trời",350000,500000,30,"350.000 ₫",true,false,false,"Hết hàng","2027-12-31",true,0,https://maxsolar.vn/den-nang-luong-mat-troi-trang-tri-san-vuon-16cm/
2564,"DSV32","Đèn năng lượng mặt trời trang trí sân vườn M-CC 32cm",simple,"Đèn trang trí năng lượng mặt trời",1200000,1700000,29,"1.200.000 ₫",true,false,false,"Hết hàng","2027-12-31",true,0,https://maxsolar.vn/den-nang-luong-mat-troi-trang-tri-san-vuon-32-cm/
2533,"DOT300W","Đèn năng lượng mặt trời trong nhà ốp trần M-OT 300W Maxsolar",simple,"Đèn năng lượng mặt trời trong nhà",1350000,1750000,23,"1.350.000 ₫",true,false,false,"Hết hàng","2027-12-31",true,0,https://maxsolar.vn/den-nang-luong-mat-troi-trong-nha-op-tran-300w/
2537,"DOT500W","Đèn năng lượng mặt trời trong nhà ốp trần M-OT 500W Maxsolar",simple,"Đèn năng lượng mặt trời trong nhà",1380000,1900000,27,"1.380.000 ₫",true,false,true,"Còn hàng","2027-12-31",true,0,https://maxsolar.vn/den-nang-luong-mat-troi-trong-nha-op-tran-500w/
4752,"M-DN 500W","Đèn nón năng lượng mặt trời M-DN 500W Maxsolar",simple,"Đèn năng lượng mặt trời ngoài trời",1500000,2200000,32,"1.500.000 ₫",true,false,false,"Hết hàng","2027-12-31",true,0,https://maxsolar.vn/den-non-nang-luong-mat-troi-500w-dn500/
5522,"M-200W","Đèn Pha Mắt Ngọc Năng Lượng Mặt Trời M-200W",simple,"Đèn pha năng lượng mặt trời",1280000,1800000,29,"1.280.000 ₫",true,false,false,"Hết hàng","2027-12-31",true,0,https://maxsolar.vn/den-pha-mat-ngoc-nang-luong-mat-troi-m-200w/
5536,"M-400W","Đèn Pha Mắt Ngọc Năng Lượng Mặt Trời M-400W",simple,"Đèn pha năng lượng mặt trời",1480000,2114000,30,"1.480.000 ₫",true,false,true,"Còn hàng","2027-12-31",true,0,https://maxsolar.vn/den-pha-mat-ngoc-nang-luong-mat-troi-m-400w/
5550,"M-600W","Đèn Pha Mắt Ngọc Năng Lượng Mặt Trời M-600W",simple,"Đèn pha năng lượng mặt trời",1860000,2650000,30,"1.860.000 ₫",true,false,true,"Còn hàng","2026-09-25",true,0,https://maxsolar.vn/den-pha-mat-ngoc-nang-luong-mat-troi-m-600w/
2505,"DP100W","Đèn pha năng lượng mặt trời M-PH 100W Maxsolar",simple,"Đèn pha năng lượng mặt trời",1100000,1600000,31,"1.100.000 ₫",true,false,false,"Hết hàng","2027-12-31",true,0,https://maxsolar.vn/den-pha-nang-luong-mat-troi-100w/
2509,"DP300W","Đèn pha năng lượng mặt trời M-PH 300W Maxsolar",simple,"Đèn pha năng lượng mặt trời",1550000,2135000,27,"1.550.000 ₫",true,false,false,"Hết hàng","2027-12-31",true,0,https://maxsolar.vn/den-pha-nang-luong-mat-troi-300w/
2493,"DP60W","Đèn pha năng lượng mặt trời M-PH 60W Maxsolar",simple,"Đèn pha năng lượng mặt trời",790000,1200000,34,"790.000 ₫",true,false,false,"Hết hàng","2027-12-31",true,0,https://maxsolar.vn/den-pha-nang-luong-mat-troi-60w/
2507,"M-PHA200W","Đèn pha năng lượng mặt trời M-PHA 200W Maxsolar",simple,"Đèn pha năng lượng mặt trời",980000,1400000,30,"980.000 ₫",true,false,true,"Còn hàng","2027-12-31",true,0,https://maxsolar.vn/den-pha-nang-luong-mat-troi-200w/
2512,"M-PHA500W","Đèn pha năng lượng mặt trời M-PHA 500W Maxsolar",simple,"Đèn pha năng lượng mặt trời",1480000,2110000,30,"1.480.000 ₫",true,false,true,"Còn hàng","2027-12-31",true,0,https://maxsolar.vn/den-pha-nang-luong-mat-troi-500w/
7838,"M-PHA 800W","Đèn pha năng lượng mặt trời M-PHA 800W Maxsolar",simple,"Đèn pha năng lượng mặt trời",1780000,2540000,30,"1.780.000 ₫",true,false,true,"Còn hàng","2027-12-31",true,0,https://maxsolar.vn/den-pha-nang-luong-mat-troi-m-pha-800w-maxsolar/
2566,"DPXT100","Đèn pin xách tay năng lương mặt trời M-ST 100W Maxsolar",simple,"Đèn năng lượng mặt trời 100w",490000,700000,30,"490.000 ₫",true,false,true,"Còn hàng","2027-12-31",true,0,https://maxsolar.vn/den-pin-xach-tay-nang-luong-mat-troi-100w/
2568,"DPXT200","Đèn pin xách tay năng lương mặt trời M-ST 200W Maxsolar",simple,"Đèn năng lượng mặt trời trong nhà",630000,900000,30,"630.000 ₫",true,false,true,"Còn hàng","2027-12-31",true,0,https://maxsolar.vn/den-pin-xach-tay-nang-luong-mat-troi-200w/
7576,"M-TT01","Đèn Rọi Năng Lượng Mặt Trời M-TT01",simple,"Đèn trang trí năng lượng mặt trời",480000,690000,30,"480.000 ₫",true,false,true,"Còn hàng","2027-12-31",true,0,https://maxsolar.vn/den-roi-nang-luong-mat-troi-m-tt01/
2541,"DTC20","Đèn trụ cổng năng lượng mặt trời M-TR 20cm Maxsolar",variable,"Đèn trụ cổng năng lượng mặt trời",690000,985000,30,"690.000 ₫",true,false,true,"Còn hàng","",true,2,https://maxsolar.vn/den-tru-cong-nang-luong-mat-troi-20x20cm/
2543,"DTC25","Đèn trụ cổng năng lượng mặt trời M-TR 25cm Maxsolar",variable,"Đèn trụ cổng năng lượng mặt trời",790000,1128000,30,"790.000 ₫",true,false,true,"Còn hàng","",true,2,https://maxsolar.vn/den-tru-cong-nang-luong-mat-troi-25x25cm/
2554,"DTC30","Đèn trụ cổng năng lượng mặt trời M-TR 30cm Maxsolar",variable,"Đèn trụ cổng năng lượng mặt trời",890000,1800000,51,"890.000 ₫",true,false,true,"Còn hàng","",true,2,https://maxsolar.vn/den-tru-cong-nang-luong-mat-troi-thuoc-30x30cm/
2556,"DTC40","Đèn trụ cổng năng lượng mặt trời M-TR 40cm Maxsolar",variable,"Đèn trụ cổng năng lượng mặt trời",1550000,2000000,22,"1.550.000 ₫",true,false,true,"Còn hàng","",true,2,https://maxsolar.vn/den-tru-cong-nang-luong-mat-troi-40x40cm/
7669,"M-Q988","Quạt Cây Năng Lượng Mặt Trời M-Q988",simple,"Quạt năng lượng mặt trời",2000000,2800000,29,"2.000.000 ₫",true,false,true,"Còn hàng","2027-12-31",true,0,https://maxsolar.vn/quat-cay-nang-luong-mat-troi-m-q988/
7612,"M-Q888","Quạt năng lượng mặt trời Maxsolar cao cấp M-Q888",simple,"Quạt năng lượng mặt trời",1800000,3000000,40,"1.800.000 ₫",true,false,true,"Còn hàng","2026-09-23",true,0,https://maxsolar.vn/quat-nang-luong-mat-troi-maxsolar-cao-cap-m-q888/
7620,"M-Q118","Quạt năng lượng mặt trời Maxsolar M-Q118 chính hãng",simple,"Quạt năng lượng mặt trời",1350000,1970000,31,"1.350.000 ₫",true,false,true,"Còn hàng","2027-12-31",true,0,https://maxsolar.vn/quat-nang-luong-mat-troi-maxsolar-m-q118/
4821,"M-SP35W","Tấm pin đèn năng lượng mặt trời Mono M-SP35W",simple,"Tấm pin đèn năng lượng mặt trời",0,0,0,"Liên hệ",false,true,true,"Còn hàng","2027-12-31",true,0,https://maxsolar.vn/tam-pin-den-nang-luong-mat-troi-mono-m-sp35w/
4824,"M-SP25W","Tấm pin năng lượng mặt trời Mono M-SP25W",simple,"Tấm pin đèn năng lượng mặt trời",0,0,0,"Liên hệ",false,true,true,"Còn hàng","2027-12-31",true,0,https://maxsolar.vn/tam-pin-nang-luong-mat-troi-mono-m-sp25w/
4781,"M-SP30W","Tấm pin năng lượng mặt trời mono M-SP30W",simple,"Tấm pin đèn năng lượng mặt trời",0,0,0,"Liên hệ",false,true,true,"Còn hàng","2027-12-31",true,0,https://maxsolar.vn/tam-pin-nang-luong-mat-troi-mono-m-sp30w/
4266,"M-SP60W","Tấm pin năng lượng mặt trời mono M-SP60W",simple,"Tấm pin đèn năng lượng mặt trời",0,0,0,"Liên hệ",false,true,true,"Còn hàng","2027-12-31",true,0,https://maxsolar.vn/tam-pin-nang-luong-mat-troi-mono-m-sp60w/
4828,"M-SP60W – 67","Tấm pin năng lượng mặt trời Mono M-SP60W 67x53mm",simple,"Tấm pin đèn năng lượng mặt trời",0,0,0,"Liên hệ",false,true,true,"Còn hàng","2027-12-31",true,0,https://maxsolar.vn/tam-pin-nang-luong-mat-troi-mono-m-sp60w-67x53mm/
4833,"M-SP70W","Tấm pin năng lượng mặt trời Mono M-SP70W",simple,"Phụ kiện đèn năng lượng mặt trời",0,0,0,"Liên hệ",false,true,true,"Còn hàng","2027-12-31",true,0,https://maxsolar.vn/tam-pin-nang-luong-mat-troi-mono-m-sp70w/